ticker,gdelt,reddit_rss,stocktwits,wiki,Overall_Attention
AAPL,7.0,9.0,50.0,1.0,17
ABNB,1.0,20.0,50.0,1.0,18
ADI,16.0,9.0,50.0,1.0,19
AFRM,2.0,34.0,50.0,50.0,34
ASML,3.0,65.0,50.0,1.0,30
AVGO,6.0,27.0,50.0,1.0,21
AZN,10.0,42.0,50.0,1.0,26
BA,1.0,9.0,50.0,1.0,15
BILL,100.0,9.0,50.0,50.0,52
BKNG,2.0,7.0,50.0,1.0,15
CELH,1.0,3.0,50.0,50.0,26
CIFR,2.0,34.0,50.0,50.0,34
CRM,3.0,9.0,50.0,50.0,28
CRWD,1.0,7.0,50.0,50.0,27
CVX,2.0,16.0,50.0,50.0,30
DE,1.0,9.0,50.0,1.0,15
FCX,2.0,9.0,50.0,1.0,16
GE,1.0,9.0,50.0,50.0,28
GOOGL,7.0,9.0,50.0,50.0,29
HUBS,94.0,9.0,50.0,50.0,51
IREN,4.0,9.0,50.0,50.0,28
KLAC,1.0,1.0,50.0,1.0,13
LCID,2.0,6.0,50.0,50.0,27
LMT,2.0,9.0,50.0,50.0,28
MDB,18.0,100.0,50.0,50.0,54
MELI,3.0,80.0,50.0,1.0,34
MRK,19.0,11.0,50.0,50.0,32
MSFT,5.0,9.0,50.0,50.0,28
NFLX,3.0,11.0,50.0,50.0,28
NOC,9.0,9.0,50.0,1.0,17
NOW,100.0,9.0,50.0,1.0,40
NUE,1.0,9.0,50.0,1.0,15
NVDA,17.0,9.0,50.0,50.0,32
OKTA,2.0,11.0,50.0,50.0,28
OPEN,100.0,9.0,50.0,50.0,52
ORCL,3.0,11.0,50.0,1.0,16
PFE,3.0,42.0,50.0,50.0,36
QCOM,1.0,7.0,50.0,50.0,27
RIVN,1.0,7.0,50.0,50.0,27
RTX,14.0,9.0,50.0,1.0,18
SEDG,1.0,21.0,50.0,50.0,30
SNOW,100.0,9.0,50.0,50.0,52
SNY,1.0,9.0,50.0,50.0,28
TSM,13.0,9.0,50.0,50.0,30
TXN,2.0,9.0,50.0,50.0,28
UBER,37.0,9.0,50.0,1.0,24
UPST,1.0,1.0,50.0,1.0,13
WBD,1.0,16.0,50.0,1.0,17
XOM,4.0,65.0,50.0,50.0,42
ZS,1.0,9.0,50.0,50.0,28
